country,year,gdp,pop,unemp
AD,2005,3.69734853506562,0.078867,NA
AD,2006,3.87514251624022,0.080993,NA
AD,2007,3.93533077025056,0.082684,NA
AD,2008,3.71655839851518,0.083862,NA
AE,2005,257.36693886998,4.588225,3.11999988555908
AE,2006,282.684947637849,5.300174,3.05999994277954
AE,2007,291.68673933287903,6.168838,2.99000000953674
AE,2008,300.996902491491,7.089487,2.84999990463257
AF,2005,9.16459845853792,25.654277,11.5200004577637
AF,2006,9.65558295398018,26.433049,11.3400001525879
AF,2007,10.9905947065564,27.100536,11.1800003051758
AF,2008,11.4219737708233,27.722276,11.1099996566772
AG,2005,1.14928018081721,0.081465,NA
AG,2006,1.29533241325319,0.082704,NA
AG,2007,1.41599759078741,0.084026,NA
AG,2008,1.41579452750139,0.085397,NA
AL,2005,9.22320258388038,3.011487,16.3999996185303
AL,2006,9.76737927988863,2.992547,16.1700000762939
AL,2007,10.3514668062388,2.970017,15.9700002670288
AL,2008,11.1278236657504,2.947314,13.0600004196167
AM,2005,7.666474468512789,2.981269,10.3400001525879
AM,2006,8.67844909831555,2.958307,10.0699996948242
AM,2007,9.86739662491901,2.932618,9.8100004196167
AM,2008,10.5482469920808,2.907618,13.5100002288818
AO,2005,56.2904917771201,19.433602,3.80999994277954
AO,2006,62.790739426972,20.149901,3.73000001907349
AO,2007,71.5877334753748,20.905363,3.66000008583069
AO,2008,79.5813188228055,21.695634,3.63000011444092
AR,2005,333.61831135041496,38.892931,11.5100002288818
AR,2006,360.46508229796,39.289878,10.0799999237061
AR,2007,392.934518437813,39.684295,8.47000026702881
AR,2008,408.87678779480905,40.08016,7.84000015258789
AS,2005,0.6292863436123349,0.059562,NA
AS,2006,0.603066079295154,0.059107,NA
AS,2007,0.6149074889867839,0.058365,NA
AS,2008,0.598837004405286,0.057492,NA
AT,2005,367.272646184907,8.227829,5.63000011444092
AT,2006,379.958397036836,8.268641,5.23999977111816
AT,2007,394.1210244651761,8.295487,4.8600001335144
AT,2008,399.876861217528,8.321496,4.13000011444092
AU,2005,995.550062444482,20.3948,5.03000020980835
AU,2006,1023.37107753656,20.6979,4.78000020980835
AU,2007,1062.71181873997,20.8276,4.38000011444092
AU,2008,1101.58532318017,21.2492,4.23000001907349
AW,2005,2.69882491629108,0.100031,NA
AW,2006,2.72717897402819,0.100834,NA
AW,2007,2.77627435820761,0.101222,NA
AW,2008,2.77375605397674,0.101358,NA
AZ,2005,24.740902926326697,8.39185,7.26000022888184
AZ,2006,33.2681543274079,8.48455,6.61999988555908
AZ,2007,41.7392962917775,8.5813,6.32999992370605
AZ,2008,46.1600876856421,8.7634,5.8600001335144
BA,2005,14.9213131348433,3.765331,30.3999996185303
BA,2006,15.7291535607731,3.765424,31.1100006103516
BA,2007,16.6507432915849,3.762786,28.9799995422363
BA,2008,17.5568512307796,3.754271,23.4099998474121
BB,2005,4.481,0.276323,9.07999992370605
BB,2006,4.7455,0.277477,8.72999954223633
BB,2007,4.85,0.2787,7.40999984741211
BB,2008,4.884,0.279946,8.11999988555908
BD,2005,85.8603679334753,139.035505,4.25
BD,2006,91.5888900987471,140.921167,3.58999991416931
BD,2007,98.0537829059494,142.660376,3.91000008583069
BD,2008,103.950531260888,144.304167,4.28999996185303
BE,2005,446.825975230479,10.478617,8.4399995803833
BE,2006,458.2305377575479,10.547958,8.25
BE,2007,475.079129959516,10.6257,7.46000003814697
BE,2008,477.202395106604,10.709973,6.98000001907349
BF,2005,7.736021215032699,13.42193,4
BF,2006,8.21976736192083,13.829176,3.64000010490417
BF,2007,8.55771315253562,14.252021,3.29999995231628
BF,2008,9.05405980860577,14.689725,3.61999988555908
BG,2005,42.9478927051545,7.658972,10.0799999237061
BG,2006,45.8692803387161,7.601022,8.94999980926514
BG,2007,48.8769662284417,7.545338,6.88000011444092
BG,2008,51.8514363786577,7.492561,5.6100001335144
BH,2005,19.6204787234043,0.889164,1.07000005245209
BH,2006,20.889335106383,0.958418,1.12999999523163
BH,2007,22.6218882978723,1.035919,1.20000004768372
BH,2008,24.0346276595745,1.114641,1.22000002861023
BI,2005,1.62834428844335,7.364862,1.80999994277954
BI,2006,1.7164997078749,7.607849,1.73000001907349
BI,2007,1.7757524622736,7.862214,1.6599999666214
BI,2008,1.86208445049236,8.126102,1.62999999523163
BJ,2005,7.89739213947095,7.982225,0.800000011920929
BJ,2006,8.20884465968716,8.216897,0.810000002384186
BJ,2007,8.700254776298001,8.454793,0.819999992847443
BJ,2008,9.126269457949618,8.696921,0.850000023841858
BM,2005,6.736374176523871,0.064154,NA
BM,2006,7.10982972928519,0.064523,NA
BM,2007,7.34766346678588,0.064888,NA
BM,2008,7.21055931222666,0.065273,NA
BN,2005,13.2644084341768,0.365114,6.09999990463257
BN,2006,13.8477399339934,0.370263,6.30000019073486
BN,2007,13.8691460212688,0.374965,6.48999977111816
BN,2008,13.6001241657499,0.379421,6.6100001335144
BO,2005,15.6966072828068,9.232306,2.8199999332428
BO,2006,16.4495749736788,9.395446,2.72000002861023
BO,2007,17.2003965366119,9.558439,2.64000010490417
BO,2008,18.257962435196703,9.721454,2.59999990463257
BR,2005,1774.79988278763,186.127103,9.56999969482422
BR,2006,1845.11725397908,188.167356,8.64000034332275
BR,2007,1957.1134838563,190.130443,8.32999992370605
BR,2008,2056.81266984993,192.030362,7.34000015258789
BS,2005,10.2143371484409,0.324859,10.1999998092651
BS,2006,10.4714170946489,0.331033,7.53999996185303
BS,2007,10.6229106343785,0.337389,7.88000011444092
BS,2008,10.3760865370885,0.343681,8.18000030517578
BT,2005,0.975999031580887,0.648739,3.09999990463257
BT,2006,1.04431640760137,0.65741,3.13000011444092
BT,2007,1.23606181907918,0.664876,3.70000004768372
BT,2008,1.2953861192204,0.671613,3.6800000667572
BW,2005,10.2309619417274,1.799078,19.7700004577637
BW,2006,11.0866664076476,1.835908,17.7800006866455
BW,2007,12.0042835987785,1.875459,17
BW,2008,12.7540036118062,1.915639,16.3500003814697
BY,2005,40.2423347957495,9.663915,8.4399995803833
BY,2006,44.2665661877427,9.604924,7.69999980926514
BY,2007,48.0734937732612,9.560953,7.01000022888184
BY,2008,52.9769898687029,9.527985,6.42000007629395
BZ,2005,1.22366100479466,0.2838,10.9099998474121
BZ,2006,1.28263054409006,0.291329,9.39000034332275
BZ,2007,1.28917633520951,0.299025,8.51000022888184
BZ,2008,1.33413558474046,0.306823,8.18000030517578
CA,2005,1433.91452110835,32.243753,6.76000022888184
CA,2006,1493.64878498776,32.571174,6.32000017166138
CA,2007,1596.2416777263502,32.889025,6.03999996185303
CA,2008,1612.32577114548,33.247118,6.1399998664856
CD,2005,16.4665837219743,54.785903,2.84999990463257
CD,2006,17.3427672769549,56.578037,2.98000001907349
CD,2007,18.428333938383,58.453683,3.10999989509583
CD,2008,19.5756625248682,60.411195,3.28999996185303
CF,2005,1.68603215847995,4.038382,4.38000011444092
CF,2006,1.76647419314574,4.118069,4.26999998092651
CF,2007,1.84786510729104,4.19801,4.17000007629395
CF,2008,1.88582267659599,4.273366,4.11999988555908
CG,2005,9.99384747628214,3.622775,19.7999992370605
CG,2006,10.791979957407,3.745141,18.6100006103516
CG,2007,10.0781989637311,3.876119,17.4899997711182
CG,2008,10.7137680799628,4.011486,16.5200004577637
CH,2005,524.104193560188,7.437115,4.44000005722046
CH,2006,545.008792163317,7.483934,4
CH,2007,567.418887613848,7.551117,3.65000009536743
CH,2008,579.645073513066,7.647675,3.34999990463257
CI,2005,22.3225227066385,18.354514000000002,5.51000022888184
CI,2006,22.6608969623745,18.754916,5.6100001335144
CI,2007,23.060870129361,19.171237,5.71000003814697
CI,2008,23.6472714998262,19.605569,5.88000011444092
CL,2005,181.652337025042,16.182721,9.34000015258789
CL,2006,193.127635486362,16.354504,9.02000045776367
CL,2007,202.601172713024,16.530195,8.43000030517578
CL,2008,209.752043005204,16.708258,9.28999996185303
CM,2005,22.044058919062,17.73341,4.40000009536743
CM,2006,22.8062694649176,18.223674,3.69000005722046
CM,2007,23.9242788017318,18.730282,3.05999994277954
CM,2008,24.758949260439604,19.252666,3.30999994277954
CN,2005,3562.11006096101,1303.72,4.5
CN,2006,4015.2445025605,1311.02,4.40000009536743
CN,2007,4586.64836385138,1317.885,4.30000019073486
CN,2008,5029.29107060601,1324.655,4.59999990463257
CO,2005,230.473551392799,42.647731,11.8699998855591
CO,2006,245.954157224494,43.200901,11.5299997329712
CO,2007,262.527027188667,43.737512,11.1999998092651
CO,2008,271.146960850547,44.254972,11.2700004577637
CR,2005,29.5396360717379,4.285502,6.57000017166138
CR,2006,31.6776359845108,4.345412,5.73999977111816
CR,2007,34.2650323946392,4.404628,4.48999977111816
CR,2008,35.858218735351095,4.463125,4.78000020980835
CU,2005,49.4814773793051,11.261582,1.95000004768372
CU,2006,55.4518447061798,11.261248,1.9099999666214
CU,2007,59.4788336191821,11.251122,1.78999996185303
CU,2008,61.927474920461,11.236971,1.58000004291534
CV,2005,1.2525639002118,0.463032,10.6700000762939
CV,2006,1.35256547619448,0.46917,10.5100002288818
CV,2007,1.55775896415815,0.47506,10.3699998855591
CV,2008,1.66135804376208,0.480842,10.3100004196167
CW,2005,NA,0.137658,NA
CW,2006,NA,0.141239,NA
CW,2007,NA,0.144056,NA
CW,2008,NA,0.14588,NA
CY,2005,22.5686172610367,1.027662,5.30000019073486
CY,2006,23.632463210924,1.045507,4.53999996185303
CY,2007,24.8372623624553,1.063713,3.92000007629395
CY,2008,25.74303062442,1.081563,3.66000008583069
CZ,2005,184.954402823471,10.211216,7.92999982833862
CZ,2006,197.470142753551,10.238905,7.15000009536743
CZ,2007,208.46989885069,10.298828,5.32000017166138
CZ,2008,214.07025912750203,10.384603,4.3899998664856
DE,2005,3202.8464511257403,82.469422,11.1700000762939
DE,2006,3325.0812254951497,82.376451,10.25
DE,2007,3424.05077625182,82.266372,8.65999984741211
DE,2008,3456.91752517573,82.110097,7.53000020980835
DJ,2005,NA,0.783254,11.5200004577637
DJ,2006,NA,0.794563,11.3400001525879
DJ,2007,NA,0.805451,11.1700000762939
DJ,2008,NA,0.816358,11.1000003814697
DK,2005,318.622825351085,5.419432,4.82999992370605
DK,2006,331.09056192779104,5.437272,3.90000009536743
DK,2007,334.100966204774,5.461438,3.79999995231628
DK,2008,332.39031331310304,5.493621,3.6800000667572
DM,2005,0.41626499819491103,0.070589,NA
DM,2006,0.43565778327336,0.070718,NA
DM,2007,0.463338430723785,0.070795,NA
DM,2008,0.496331564505336,0.070827,NA
DO,2005,40.68941452219181,9.097257,6.59000015258789
DO,2006,44.4224060205487,9.218686,5.65999984741211
DO,2007,47.716750200915705,9.338861,5.15999984741211
DO,2008,49.2482213330284,9.458075,4.76000022888184
DZ,2005,142.183670715772,33.149724,15.2700004577637
DZ,2006,144.600793117941,33.641002,12.2700004577637
DZ,2007,149.51722008395,34.166972,13.789999961853
DZ,2008,153.105633365965,34.730608,11.3299999237061
EC,2005,58.8762856689747,13.825847,3.77999997138977
EC,2006,61.4689184716664,14.059384,3.54999995231628
EC,2007,62.8151271092433,14.296557,3.14000010490417
EC,2008,66.8083667760763,14.535739,3.92000007629395
EE,2005,20.0073940860989,1.354775,8.02999973297119
EE,2006,21.9518646489045,1.34681,5.92000007629395
EE,2007,23.6144066962817,1.34068,4.59000015258789
EE,2008,22.412683023018904,1.33709,5.46000003814697
EG,2005,162.28167222638,75.523569,11.1999998092651
EG,2006,173.387967296922,76.873663,10.4899997711182
EG,2007,185.677407198797,78.232126,8.80000019073486
EG,2008,198.965008971328,79.636079,8.52000045776367
ER,2005,1.65238012239709,2.826659,6.76000022888184
ER,2006,1.63636497451846,2.918205,6.61999988555908
ER,2007,1.65971299095905,2.996536,6.5
ER,2008,1.4973427705192102,3.062779,6.44000005722046
ES,2005,1354.51360558153,43.653155,9.14999961853027
ES,2006,1410.08560255984,44.397319,8.44999980926514
ES,2007,1460.91478865992,45.226803,8.22999954223633
ES,2008,1473.87522382773,45.954106,11.25
ET,2005,17.8607759230952,76.346311,2.5
ET,2006,19.7959422462104,78.489206,2.39000010490417
ET,2007,22.0637984491645,80.674348,2.28999996185303
ET,2008,24.4441561294695,82.916235,2.24000000953674
FI,2005,237.954222101415,5.246096,8.38000011444092
FI,2006,247.537613424007,5.266268,7.71999979019165
FI,2007,260.655464541708,5.28872,6.84999990463257
FI,2008,262.69899050961897,5.313399,6.36999988555908
FJ,2005,3.03173828533158,0.821604,3.89000010490417
FJ,2006,3.08790074810844,0.82787,3.86999988555908
FJ,2007,3.06163338730472,0.83619,3.86999988555908
FJ,2008,3.09325375997435,0.845361,3.91000008583069
FM,2005,0.300081139479451,0.106129,NA
FM,2006,0.29983790783135905,0.105371,NA
FM,2007,0.29433232826185,0.104444,NA
FM,2008,0.287243355955513,0.103543,NA
FO,2005,NA,0.047722,NA
FO,2006,NA,0.047792,NA
FO,2007,NA,0.047825,NA
FO,2008,NA,0.04782,NA
FR,2005,2536.82107582756,63.179351,8.48999977111816
FR,2006,2598.95603315596,63.621381,8.44999980926514
FR,2007,2661.9738620412204,64.016225,7.65999984741211
FR,2008,2668.76045686206,64.374984,7.05999994277954
GA,2005,13.4541546901038,1.390549,16.9099998474121
GA,2006,13.0765532966302,1.430152,17.3700008392334
GA,2007,13.8622067446223,1.472575,17.8400001525879
GA,2008,13.4035852480849,1.51854,18.4400005340576
GB,2005,2415.0919343651804,60.401206,4.75
GB,2006,2482.43253605961,60.84682,5.34999990463257
GB,2007,2542.76937953251,61.322463,5.26000022888184
GB,2008,2535.62029300354,61.806995,5.61999988555908
GD,2005,0.8068695568773541,0.104661,NA
GD,2006,0.774632469576978,0.104933,NA
GD,2007,0.822066708874271,0.10519,NA
GD,2008,0.82985614134603,0.105456,NA
GE,2005,9.47977026895091,3.902469,13.8100004196167
GE,2006,10.3727428862052,3.880347,13.5699996948242
GE,2007,11.6775253833677,3.860158,13.2799997329712
GE,2008,11.9599547027672,3.848449,17.8700008392334
GH,2005,23.4860389761393,21.814642,5.5
GH,2006,24.9891249207416,22.379055,4.6399998664856
GH,2007,26.0753569917489,22.963946,4.69000005722046
GH,2008,28.4611997385771,23.563825,4.78999996185303
GI,2005,NA,0.033219,NA
GI,2006,NA,0.033417,NA
GI,2007,NA,0.033517,NA
GI,2008,NA,0.033559,NA
GL,2005,2.1266869365765197,0.056935,NA
GL,2006,2.24483917426788,0.056774,NA
GL,2007,2.2976476236197803,0.056555,NA
GL,2008,2.43932362511335,0.056328,NA
GM,2005,1.25470072029747,1.543741,9.40999984741211
GM,2006,1.24772984177412,1.591445,9.26000022888184
GM,2007,1.28570137404879,1.639848,9.11999988555908
GM,2008,1.36613363745789,1.689285,9.05000019073486
GN,2005,5.8753021563797505,9.109581,4.44999980926514
GN,2006,5.94371543922186,9.307425,4.34999990463257
GN,2007,6.34952109082652,9.518162,4.25
GN,2008,6.61217640591288,9.738792,4.21000003814697
GQ,2005,12.0846580463718,0.749535,8.42000007629395
GQ,2006,13.0157709918826,0.784496,8.26000022888184
GQ,2007,15.0048559423615,0.821687,8.11999988555908
GQ,2008,17.675586626849,0.86084,8.0600004196167
GR,2005,304.332233357346,10.987314,9.98999977111816
GR,2006,321.534410827606,11.020362,9.01000022888184
GR,2007,332.060633365953,11.048473,8.39999961853027
GR,2008,330.947657598659,11.077841,7.76000022888184
GT,2005,34.55067340536711,12.948292,3.01999998092651
GT,2006,36.4094225186929,13.21333,3.01999998092651
GT,2007,38.7046920622932,13.477017,3.02999997138977
GT,2008,39.9746239125379,13.739299,3.07999992370605
GU,2005,4.84585945502971,0.158402,7
GU,2006,4.660328826060231,0.158648,7.40000009536743
GU,2007,4.69843782011883,0.158847,8.30000019073486
GU,2008,4.77967014955952,0.159036,8.94999980926514
GW,2005,0.7208331353019709,1.34493,3.07999992370605
GW,2006,0.737479752961763,1.377581,2.98000001907349
GW,2007,0.7615433887985359,1.411543,2.90000009536743
GW,2008,0.7859399438301949,1.446936,2.85999989509583
GY,2005,2.7746153805022704,0.746163,11.0600004196167
GY,2006,2.91694231018393,0.746343,10.6999998092651
GY,2007,3.1267075927603103,0.746474,10.8400001525879
GY,2008,3.1815866502666403,0.746817,11.0500001907349
HK,2005,188.6488465167,6.8132,5.57999992370605
HK,2006,201.915881901268,6.8571,4.76999998092651
HK,2007,214.96944136231,6.9163,4.01000022888184
HK,2008,219.543765617888,6.9578,3.55999994277954
HN,2005,13.2684159967103,7.458985,4.90999984741211
HN,2006,14.1397851906771,7.634298,3.57999992370605
HN,2007,15.0148013589561,7.808518,3.21000003814697
HN,2008,15.650167709792,7.980955,3.16000008583069
HR,2005,58.2866554367013,4.310145,12.6000003814697
HR,2006,61.1970757939092,4.311159,11.1300001144409
HR,2007,64.2983141884647,4.310217,9.90999984741211
HR,2008,65.515772483174,4.309705,8.52999973297119
HT,2005,10.3594401393249,9.195288,14.3299999237061
HT,2006,10.5401670221847,9.344785,15.539999961853
HT,2007,11.1272675804092,9.495328,16.7999992370605
HT,2008,11.4030343569914,9.64658,16.0599994659424
HU,2005,132.67336963958,10.087065,7.19000005722046
HU,2006,138.021450771415,10.07137,7.48999977111816
HU,2007,138.35571264094298,10.05578,7.40999984741211
HU,2008,139.819916274643,10.038188,7.82000017166138
ID,2005,571.2049544346579,226.28947,7.94999980926514
ID,2006,602.626663572802,229.318262,7.55000019073486
ID,2007,640.863459320349,232.374245,8.0600004196167
ID,2008,679.4030882451669,235.469762,7.21000003814697
IE,2005,217.464682083501,4.159914,4.34000015258789
IE,2006,228.492099818956,4.273591,4.42000007629395
IE,2007,240.657630563929,4.398942,4.98000001907349
IE,2008,229.875245850048,4.489544,6.76999998092651
IL,2005,190.909184854182,6.9301,11.3400001525879
IL,2006,201.53220260413696,7.0537,10.710000038147
IL,2007,213.167629065822,7.1801,9.38000011444092
IL,2008,219.555160962208,7.3088,7.69999980926514
IM,2005,4.61730757370266,0.080305,NA
IM,2006,4.97284025687776,0.081285,NA
IM,2007,5.3458032761436005,0.082408,NA
IM,2008,5.60774763667463,0.083508,NA
IN,2005,1193.87273748577,1147.609927,5.65000009536743
IN,2006,1290.10762611685,1165.486291,5.51999998092651
IN,2007,1388.94038549375,1183.209472,5.40999984741211
IN,2008,1431.81278142086,1200.669765,5.3600001335144
IQ,2005,104.146477324797,26.922284,8.93000030517578
IQ,2006,114.725883865126,27.448124,8.77999973297119
IQ,2007,116.306345516024,27.911248,8.64999961853027
IQ,2008,125.876156193636,28.385746,8.39999961853027
IR,2005,400.129689618902,69.762347,12.1000003814697
IR,2006,420.135354881566,70.55476,11.1999998092651
IR,2007,454.400642918223,71.336475,10.6000003814697
IR,2008,455.540536710098,72.120604,10.4799995422363
IS,2005,12.9479926735017,0.296734,2.54999995231628
IS,2006,13.6276096567311,0.303782,2.82999992370605
IS,2007,14.9038788244529,0.311566,2.25
IS,2008,15.2007612333471,0.317414,2.95000004768372
IT,2005,2165.0231834248402,57.969484,7.73000001907349
IT,2006,2203.79094764615,58.143979,6.78000020980835
IT,2007,2236.5629273723903,58.43831,6.07999992370605
IT,2008,2215.0469048234304,58.826731,6.71999979019165
JM,2005,13.5478865513215,2.740003,11.2600002288818
JM,2006,13.9406567646644,2.754407,10.3299999237061
JM,2007,14.1402805619417,2.768227,9.75
JM,2008,14.0254987146735,2.781876,10.3299999237061
JO,2005,20.1386315674801,5.765635,14.8000001907349
JO,2006,21.7684460063253,5.99154,14
JO,2007,23.5482711608132,6.25528,13.1000003814697
JO,2008,25.2513572516829,6.556478,12.6999998092651
JP,2005,5672.306823996861,127.773,4.40000009536743
JP,2006,5752.8539527765,127.854,4.09999990463257
JP,2007,5848.0167355637,128.001,3.90000009536743
JP,2008,5784.06629823942,128.063,4
KE,2005,31.322527291253103,36.624895,2.85999989509583
KE,2006,33.3498760843647,37.649033,2.76999998092651
KE,2007,35.634585973744905,38.705932,2.69000005722046
KE,2008,35.7173589684514,39.791981,2.66000008583069
KG,2005,3.85938224705086,5.1626,8.10999965667725
KG,2006,3.97913496995716,5.2184,8.27000045776367
KG,2007,4.31906748628122,5.2684,8.10000038146973
KG,2008,4.681938955312781,5.3187,8.22000026702881
KH,2005,8.13833573042109,13.273354,1.32000005245209
KH,2006,9.01492268130467,13.477709,1.28999996185303
KH,2007,9.935578323299431,13.679962,1.25999999046326
KH,2008,10.6004252443636,13.883834,0.829999983310699
KI,2005,0.156554009173463,0.092325,NA
KI,2006,0.15647683536947302,0.094343,NA
KI,2007,0.159661056450992,0.096527,NA
KI,2008,0.156321846427942,0.098761,NA
KM,2005,0.78769558988797606,0.611627,4.84000015258789
KM,2006,0.808545541438264,0.626425,5.07000017166138
KM,2007,0.81501424818036,0.64162,5.30000019073486
KM,2008,0.847614589833848,0.657229,5.59000015258789
KN,2005,0.7238324192097669,0.046852,NA
KN,2006,0.746631608453542,0.047333,NA
KN,2007,0.7511159210377211,0.047769,NA
KN,2008,0.797096217056364,0.048178,NA
KP,2005,NA,23.904167,2.90000009536743
KP,2006,NA,24.054864,2.79999995231628
KP,2007,NA,24.188331,2.72000002861023
KP,2008,NA,24.310142,2.69000005722046
KR,2005,926.348700517723,48.184561,3.70000004768372
KR,2006,975.114721518432,48.438292,3.5
KR,2007,1031.666971895,48.683638,3.20000004768372
KR,2008,1062.75094169599,49.054708,3.20000004768372
KW,2005,108.941032798325,2.270198,1.49000000953674
KW,2006,117.127704117237,2.373672,1.29999995231628
KW,2007,124.145498953245,2.504019,1.5
KW,2008,127.224005582694,2.656009,1.75
KY,2005,NA,0.049261,NA
KY,2006,4.479431264710261,0.05074,NA
KY,2007,4.62109889290453,0.05228,NA
KY,2008,4.60458302201703,0.053836,NA
KZ,2005,109.482467339845,15.147029,8.13000011444092
KZ,2006,121.197091345208,15.308084,7.78999996185303
KZ,2007,131.983632474924,15.484192,7.26000022888184
KZ,2008,136.339092346875,15.674,6.63000011444092
LA,2005,4.84815605011908,5.751676,1.35000002384186
LA,2006,5.26603152629351,5.846074,1.14999997615814
LA,2007,5.66608292592663,5.944948,0.990000009536743
LA,2008,6.10944840532914,6.04662,0.850000023841858
LB,2005,26.6780079209637,4.698763,8.27000045776367
LB,2006,27.091387655956797,4.759753,8.61999988555908
LB,2007,29.6137644972332,4.767344,8.97999954223633
LB,2008,32.2994747849131,4.764741,7.44999980926514
LC,2005,1.32868807689073,0.163417,18.7000007629395
LC,2006,1.41100372185441,0.165381,16
LC,2007,1.43487252289791,0.167639,14
LC,2008,1.50588898348876,0.170011,12.7200002670288
LI,2005,NA,0.034713,NA
LI,2006,NA,0.03497,NA
LI,2007,NA,0.035217,NA
LI,2008,NA,0.035471,NA
LK,2005,41.6333341508608,19.544988,7.67000007629395
LK,2006,44.8258997412981,19.695972,6.5
LK,2007,47.8726382029726,19.842044,5.96999979019165
LK,2008,50.721102373424,19.983984,5.21999979019165
LR,2005,1.41033150746204,3.218116,2.26999998092651
LR,2006,1.52377725170187,3.329211,2.19000005722046
LR,2007,1.66907367723425,3.461911,2.13000011444092
LR,2008,1.78834049135975,3.60786,2.10999989509583
LS,2005,1.88927274274494,1.996114,30.7800006866455
LS,2006,1.96919077181558,1.989939,29.6900005340576
LS,2007,2.0643610476790197,1.986922,28.6499996185303
LS,2008,2.2034893540977896,1.987129,27.7600002288818
LT,2005,35.0312333068536,3.322528,8.32999992370605
LT,2006,37.6284914495308,3.269909,5.78000020980835
LT,2007,41.8080686646641,3.231294,4.25
LT,2008,42.9011084416057,3.198231,5.82999992370605
LU,2005,47.1580784875502,0.465158,4.48999977111816
LU,2006,49.6001523205634,0.472637,4.73000001907349
LU,2007,53.744023864362504,0.479993,4.07000017166138
LU,2008,53.056322729415704,0.48865,5.05999994277954
LV,2005,24.4573598983801,2.238799,10.0299997329712
LV,2006,27.388907798630505,2.218357,7.03000020980835
LV,2007,30.135220876892397,2.200325,6.05000019073486
LV,2008,29.1325316606019,2.177322,7.73999977111816
LY,2005,61.7140490451692,5.798614,19.0200004577637
LY,2006,65.7257999490192,5.886872,18.7999992370605
LY,2007,69.9009111089382,5.974787,18.6000003814697
LY,2008,71.76541710849581,6.058748,18.5100002288818
MA,2005,73.0140760045985,30.455561,11.0100002288818
MA,2006,78.5446233106445,30.804683,9.67000007629395
MA,2007,81.3185006338362,31.163673,9.5600004196167
MA,2008,86.13522123645039,31.536811,9.56999969482422
MC,2005,4.86305183613947,0.033843,NA
MC,2006,5.14530027840382,0.03419,NA
MC,2007,5.88771046002917,0.034525,NA
MC,2008,5.92697176189845,0.034872,NA
MD,2005,5.95397696716872,2.888111,7.28999996185303
MD,2006,6.23976785266749,2.880095,7.38000011444092
MD,2007,6.4269609032039,2.873429,5.07000017166138
MD,2008,6.92826386295101,2.867964,3.98000001907349
ME,2005,3.4428926509391897,0.614261,30.3099994659424
ME,2006,3.73782527863659,0.615025,24.5100002288818
ME,2007,3.99237680520863,0.615875,19.3999996185303
ME,2008,4.28073628211937,0.616969,17.1499996185303
MF,2005,NA,0.034248,NA
MF,2006,NA,0.035237,NA
MF,2007,NA,0.036137,NA
MF,2008,NA,0.036885,NA
MG,2005,8.69022964980676,18.336724,2.61999988555908
MG,2006,9.15937243177987,18.880269,2.83999991416931
MG,2007,9.6824242745301,19.43353,3.05999994277954
MG,2008,10.3323704577161,19.996473,3.33999991416931
MH,2005,0.154066926149678,0.055258,NA
MH,2006,0.155096338814835,0.055767,NA
MH,2007,0.159391140494216,0.056051,NA
MH,2008,0.148627306001046,0.056174,NA
MK,2005,7.73637612217433,2.060273,37.25
MK,2006,8.13379571016142,2.063131,36.0299987792969
MK,2007,8.66033590647652,2.065426,34.9300003051758
MK,2008,9.13422960767109,2.067313,33.7599983215332
ML,2005,8.53330359245586,12.775516,9.76000022888184
ML,2006,8.93114215276767,13.203378,10.7200002670288
ML,2007,9.24316203656838,13.651464,11.710000038147
ML,2008,9.684351570685418,14.113577,10.2299995422363
MM,2005,29.2753580775655,48.949924,0.790000021457672
MM,2006,33.1034335790232,49.30105,0.75
MM,2007,37.0730103788848,49.621475,0.720000028610229
MM,2008,40.8749608116237,49.929642,0.709999978542328
MN,2005,5.25276513174542,2.526424,7.09000015258789
MN,2006,5.70220405040528,2.558856,7.1399998664856
MN,2007,6.28656685431684,2.59382,7.19999980926514
MN,2008,6.84609443554697,2.631898,5.57000017166138
MO,2005,16.5257200391859,0.482858,4.09999990463257
MO,2006,18.72598146584,0.493799,3.79999995231628
MO,2007,21.4314414750733,0.504511,3.20000004768372
MO,2008,22.158796347977297,0.515239,3
MP,2005,1.2371612903225802,0.056542,NA
MP,2006,1.15190818858561,0.055882,NA
MP,2007,1.07458560794045,0.055219,NA
MP,2008,0.9556277915632748,0.054625,NA
MR,2005,4.73954227674321,3.024194,9.85999965667725
MR,2006,5.60845198264194,3.111906,9.69999980926514
MR,2007,5.4979978532828,3.202517,9.56999969482422
MR,2008,5.47979512623373,3.296238,9.51000022888184
MT,2005,7.76537552242283,0.403834,6.92000007629395
MT,2006,7.96029753426774,0.405308,6.80000019073486
MT,2007,8.34037832250278,0.406724,6.46999979019165
MT,2008,8.65951115292701,0.409379,5.98000001907349
MU,2005,7.93933902422559,1.228254,9.52000045776367
MU,2006,8.32563110468563,1.233996,9.03999996185303
MU,2007,8.80244134201384,1.23963,8.47999954223633
MU,2008,9.2766255623588,1.244121,7.17000007629395
MV,2005,1.74879959944967,0.319608,6.38000011444092
MV,2006,2.20543729320646,0.327487,7.3899998664856
MV,2007,2.37556179874616,0.335169,8.47000026702881
MV,2008,2.60089173791487,0.343452,9.71000003814697
MW,2005,4.86680993868561,12.625952,5.92999982833862
MW,2006,5.09555000541576,12.973699,5.80999994277954
MW,2007,5.58472280606858,13.341806,5.69999980926514
MW,2008,6.01138092801556,13.72789,5.65000009536743
MX,2005,982.737828708375,106.005203,3.55999994277954
MX,2006,1026.91265960472,107.560153,3.5699999332428
MX,2007,1050.44380573282,109.170502,3.63000011444092
MX,2008,1062.45651919232,110.815271,3.86999988555908
MY,2005,204.863376680625,25.690611,3.52999997138977
MY,2006,216.30468296484,26.201961,3.3199999332428
MY,2007,229.92925189575695,26.72037,3.23000001907349
MY,2008,241.038904255161,27.236006,3.33999991416931
MZ,2005,7.73297211284817,20.493925,3.00999999046326
MZ,2006,8.48263535787782,21.08011,2.97000002861023
MZ,2007,9.13832154571698,21.673316,2.94000005722046
MZ,2008,9.80704155714656,22.276596,2.95000004768372
NA,2005,9.14811069401505,1.93832,21.9799995422363
NA,2006,9.79517259994898,1.971317,21.7600002288818
NA,2007,10.3215694964291,2.006514,21.5599994659424
NA,2008,10.595071681486798,2.043394,21.4799995422363
NC,2005,NA,0.23225,15.9200000762939
NC,2006,NA,0.23575,15.5900001525879
NC,2007,NA,0.23925,15.2600002288818
NC,2008,NA,0.24275,14.789999961853
NE,2005,6.024873704156709,13.624467,3.09999990463257
NE,2006,6.3822119744264,14.143971,2.32999992370605
NE,2007,6.5827872872207696,14.685399,1.70000004768372
NE,2008,7.091729840230039,15.250908,1.22000002861023
NG,2005,256.649465356273,138.865016,3.76999998092651
NG,2006,272.200955002138,142.538308,3.69000005722046
NG,2007,290.142074789495,146.339977,3.61999988555908
NG,2008,309.768656455714,150.269623,3.58999991416931
NI,2005,7.66288182765671,5.43869,5.36999988555908
NI,2006,7.98106944659494,5.513763,5.30999994277954
NI,2007,8.386173966208709,5.590055,4.8899998664856
NI,2008,8.67428709438229,5.667432,6.19999980926514
NL,2005,790.499800786484,16.319868,5.86999988555908
NL,2006,817.858911574005,16.346101,5
NL,2007,848.715440349521,16.381696,4.15000009536743
NL,2008,867.135322468553,16.445593,3.65000009536743
NO,2005,408.849736694053,4.623291,4.38000011444092
NO,2006,418.66127514764503,4.660677,3.40000009536743
NO,2007,431.197048129248,4.709153,2.49000000953674
NO,2008,433.251184624934,4.768212,2.54999995231628
NP,2005,12.8775630747127,25.7445,1.55999994277954
NP,2006,13.3108434662677,26.066693,1.47000002861023
NP,2007,13.7649509143225,26.382581,1.37999999523163
NP,2008,14.605251495759,26.666576,1.33000004291534
NR,2005,0.039240729322646,0.009849,NA
NR,2006,0.0416189553422003,0.009828,NA
NR,2007,0.0321060512639831,0.009842,NA
NR,2008,0.039240729322646,0.009891,NA
NZ,2005,137.814039157927,4.1339,3.80999994277954
NZ,2006,141.73691181543,4.1846,3.85999989509583
NZ,2007,146.08855836543702,4.2238,3.66000008583069
NZ,2008,144.58376249478,4.2598,4.17000007629395
OM,2005,44.2785354603246,2.511251,3.79999995231628
OM,2006,46.657129142472,2.580758,3.94000005722046
OM,2007,48.7346237370908,2.657158,4.07999992370605
OM,2008,52.7309008856398,2.750963,4.1399998664856
PA,2005,20.556984394785,3.330217,3.71000003814697
PA,2006,22.3356704001133,3.391666,3.60999989509583
PA,2007,25.0123738786907,3.453675,3.51999998092651
PA,2008,27.4775071183623,3.516204,3.48000001907349
PE,2005,105.785554389544,27.866145,4.8600001335144
PE,2006,113.750041982731,28.102056,4.26000022888184
PE,2007,123.439711646329,28.333052,3.92000007629395
PE,2008,134.705521240862,28.562317,3.8199999332428
PF,2005,NA,0.25878,11.6199998855591
PF,2006,NA,0.26101,11.6899995803833
PF,2007,NA,0.262721,11.7399997711182
PF,2008,NA,0.264061,11.8199996948242
PG,2005,10.6928444945256,6.494903,2.41000008583069
PG,2006,11.2713213891578,6.646895,2.25
PG,2007,12.1521964978214,6.808514,2.10999989509583
PG,2008,12.1161703760499,6.976201,2
PH,2005,163.47630750303202,86.32625,3.79999995231628
PH,2006,172.167389414077,87.888675,4.05000019073486
PH,2007,183.39148348433,89.405482,3.4300000667572
PH,2008,191.358903202926,90.901965,3.72000002861023
PK,2005,150.180774567711,160.304008,0.610000014305115
PK,2006,159.039915093281,164.022627,0.579999983310699
PK,2007,166.726023587507,167.808105,0.400000005960464
PK,2008,169.562709265155,171.648986,0.419999986886978
PL,2005,379.900441083806,38.165445,17.75
PL,2006,403.19268397837703,38.141267,13.8400001525879
PL,2007,431.664312008755,38.12056,9.60000038146973
PL,2008,449.794050343249,38.125759,7.11999988555908
PR,2005,105.342118804957,3.821362,11.3500003814697
PR,2006,103.857412208889,3.805214,11.0100002288818
PR,2007,102.649751271359,3.782995,10.9300003051758
PR,2008,100.75675205085,3.760866,11.4799995422363
PS,2005,7.63528460892947,3.320396,20.0200004577637
PS,2006,7.5591947141413405,3.406334,19.0100002288818
PS,2007,7.84555829062297,3.494496,18.2800006866455
PS,2008,8.42841911499314,3.591977,22.9099998474121
PT,2005,230.94920292726096,10.50333,7.57999992370605
PT,2006,234.702206404714,10.522288,7.65000009536743
PT,2007,240.585204138036,10.542964,7.96000003814697
PT,2008,241.353267410255,10.558177,7.55000019073486
PW,2005,0.207487555032911,0.019781,NA
PW,2006,0.206645875301275,0.01954,NA
PW,2007,0.210822506466282,0.019158,NA
PW,2008,0.198632922241884,0.018704,NA
PY,2005,20.8912966892966,5.824096,4.82999992370605
PY,2006,21.8955658042224,5.913209,5.28000020980835
PY,2007,23.0826608078578,5.998427,4.71000003814697
PY,2008,24.5505150909269,6.081296,4.42000007629395
QA,2005,53.3523709522569,0.865416,0.769999980926514
QA,2006,67.3148175041319,1.022711,0.870000004768372
QA,2007,79.42182955018009,1.218434,0.519999980926514
QA,2008,93.4505491906149,1.436665,0.310000002384186
RO,2005,144.652472925674,21.319685,7.17000007629395
RO,2006,156.26634669362602,21.19376,7.26999998092651
RO,2007,167.570353781434,20.882982,6.40999984741211
RO,2008,183.16690944759,20.537875,5.78999996185303
RS,2005,36.1088635435274,7.440769,20.8500003814697
RS,2006,37.95322851571379,7.411569,20.8500003814697
RS,2007,40.3972363646127,7.381579,18.0599994659424
RS,2008,42.681933020219,7.350222,13.710000038147
RU,2005,1281.5226971216398,143.518814,7.11999988555908
RU,2006,1386.6084329896498,143.049637,7.05999994277954
RU,2007,1504.46984152942,142.805114,6
RU,2008,1582.70181088997,142.742366,6.21000003814697
RW,2005,4.10914677202874,8.840215,0.930000007152557
RW,2006,4.48830094463589,9.043337,0.899999976158142
RW,2007,4.8309055772073695,9.273757,0.879999995231628
RW,2008,5.37009469938151,9.524534,0.879999995231628
SA,2005,461.601802003856,23.816183,6.05000019073486
SA,2006,474.473116917565,24.49831,6.25
SA,2007,483.237253411601,25.184597,5.73000001907349
SA,2008,513.43848360359,25.888541,5.07999992370605
SB,2005,0.655932852342192,0.469918,2.04999995231628
SB,2006,0.68783168026608,0.481078,1.96000003814697
SB,2007,0.718463005093654,0.492132,1.87999999523163
SB,2008,0.76018498201397,0.50336,1.85000002384186
SC,2005,0.783031253312258,0.082858,NA
SC,2006,0.856684174335502,0.0846,NA
SC,2007,0.9459629682345132,0.085033,NA
SC,2008,0.925654158746992,0.086956,NA
SD,2005,41.1509764452704,30.949516,15.2799997329712
SD,2006,45.2925374604393,31.661823,15.0699996948242
SD,2007,50.511102878462,32.360621,14.8800001144409
SD,2008,54.4519606048376,33.060837,14.8000001907349
SE,2005,453.90011190639,9.029572,7.48999977111816
SE,2006,475.06444627573,9.080505,7.07000017166138
SE,2007,491.4029661620819,9.148092,6.15999984741211
SE,2008,489.188904610127,9.219637,6.23999977111816
SG,2005,172.757877474653,4.265762,5.59000015258789
SG,2006,188.314972645788,4.401365,4.48000001907349
SG,2007,205.30499996321305,4.588599,3.90000009536743
SG,2008,209.140601456434,4.839396,3.96000003814697
SI,2005,43.897124009269895,2.000474,6.51000022888184
SI,2006,46.4196269828109,2.006868,5.94999980926514
SI,2007,49.6597915678536,2.018122,4.82000017166138
SI,2008,51.402771549555496,2.021316,4.36999988555908
SK,2005,71.07171234773061,5.372807,16.2600002288818
SK,2006,77.1079590916251,5.373054,13.3699998855591
SK,2007,85.4603154526891,5.374622,11.1400003433228
SK,2008,90.2246309233856,5.379233,9.51000022888184
SL,2005,1.99792659451644,5.645624,3.5
SL,2006,2.0823173012292298,5.829237,3.53999996185303
SL,2007,2.25011345189349,5.989633,3.57999992370605
SL,2008,2.37158099356644,6.133603,3.67000007629395
SM,2005,2.00551138579789,0.029324,NA
SM,2006,2.0823241477887597,0.0297,NA
SM,2007,2.2303632890802496,0.030063,NA
SM,2008,2.21919052369976,0.030434,NA
SN,2005,13.720826684959,11.090116,8.92000007629395
SN,2006,14.0585744732241,11.382268,10.0299997329712
SN,2007,14.7528550764267,11.68708,9.89000034332275
SN,2008,15.3512863087731,12.004701,9.85000038146973
SO,2005,NA,10.446863,13.3900003433228
SO,2006,NA,10.763905,13.1899995803833
SO,2007,NA,11.080121,13.0200004577637
SO,2008,NA,11.397188,12.9399995803833
SR,2005,3.48176194721918,0.499461,9.27999973297119
SR,2006,3.68347934330695,0.505292,9
SR,2007,3.8717599408524297,0.511181,8.73999977111816
SR,2008,4.03218269488354,0.517122,8.5600004196167
SS,2005,NA,7.535932,12.5799999237061
SS,2006,NA,7.907406,12.3900003433228
SS,2007,NA,8.315139,12.2200002670288
SS,2008,13.1773365845164,8.736939,12.1499996185303
ST,2005,0.147663429879843,0.157472,16.4699993133545
ST,2006,0.16112389966785698,0.161681,16.6499996185303
ST,2007,0.166366235163396,0.1663,15.8900003433228
ST,2008,0.179985264743618,0.17112,15.2600002288818
SV,2005,16.9263301904564,6.052123,7.21999979019165
SV,2006,17.661423001869498,6.079399,6.57000017166138
SV,2007,17.9900277550041,6.10581,6.40999984741211
SV,2008,18.4525237874334,6.131764,5.88000011444092
SX,2005,NA,0.033011,NA
SX,2006,NA,0.033441,NA
SX,2007,NA,0.033811,NA
SX,2008,NA,0.033964,NA
SY,2005,NA,18.361176,8.89999961853027
SY,2006,NA,19.059258,8.17000007629395
SY,2007,NA,19.878254,8.42000007629395
SY,2008,NA,20.664038,10.9399995803833
SZ,2005,3.77287753649371,1.030579,27.4699993133545
SZ,2006,3.99895465306762,1.036092,27.8500003814697
SZ,2007,4.17632331107987,1.042652,28.2399997711182
SZ,2008,4.21063865265064,1.049945,27.4500007629395
TC,2005,NA,0.02818,NA
TC,2006,NA,0.029391,NA
TC,2007,NA,0.030385,NA
TC,2008,NA,0.031202,NA
TD,2005,8.41612344017727,10.096633,1.28999996185303
TD,2006,8.47068197149925,10.457124,1.27999997138977
TD,2007,8.747800296525659,10.818024,1.28999996185303
TD,2008,9.01484365541119,11.183588,1.32000005245209
TG,2005,2.9012560296952903,5.61164,4.3600001335144
TG,2006,2.97814314694463,5.76288,4.23000001907349
TG,2007,2.94314637961226,5.920359,3.59999990463257
TG,2008,3.0627044266491197,6.08342,3.07999992370605
TH,2005,283.767576325108,65.416189,1.35000002384186
TH,2006,297.86461289105904,65.812536,1.22000002861023
TH,2007,314.054006434033,66.182067,1.17999994754791
TH,2008,319.47363280724596,66.530984,1.17999994754791
TJ,2005,4.09567010181338,6.789321,12.9399995803833
TJ,2006,4.38435172673187,6.922587,12.3800001144409
TJ,2007,4.72458352823963,7.062672,11.8400001525879
TJ,2008,5.09832310353507,7.20993,11.4300003051758
TL,2005,0.622379554316273,0.995135,3.29999995231628
TL,2006,0.59682363088475,1.016432,3.22000002861023
TL,2007,0.657871671554352,1.036392,3.14000010490417
TL,2008,0.732447776450852,1.055431,3.10999989509583
TM,2005,13.7882696245549,4.754646,7.26000022888184
TM,2006,15.301298963195,4.810109,6.40000009536743
TM,2007,16.993515438403602,4.870141,5.6100001335144
TM,2008,19.4915622078489,4.935767,4.94000005722046
TN,2005,35.2795435936845,10.106771,12.8699998855591
TN,2006,37.1296717199944,10.201214,12.5100002288818
TN,2007,39.6209317451446,10.304726,12.3699998855591
TN,2008,41.2999784127428,10.414433,12.4399995803833
TO,2005,0.366019490883553,0.100905,2.11999988555908
TO,2006,0.365475456631414,0.101706,1.0900000333786
TO,2007,0.366466243384456,0.102581,1.19000005722046
TO,2008,0.38387401167651897,0.103379,1.30999994277954
TR,2005,664.762711153286,67.903469,10.6400003433228
TR,2006,710.950345122301,68.75681,8.72000026702881
TR,2007,746.8071821192159,69.581848,8.86999988555908
TR,2008,752.893844151316,70.418604,9.71000003814697
TT,2005,18.2936965914406,1.296502,3.89000010490417
TT,2006,20.7099387582907,1.302561,4.03000020980835
TT,2007,21.6945326757935,1.308451,4.17000007629395
TT,2008,22.4303541844732,1.314443,4.21999979019165
TV,2005,0.0291857272412158,0.01,NA
TV,2006,0.0298099919476302,0.01012,NA
TV,2007,0.0317030948255095,0.010221,NA
TV,2008,0.03423403560024839,0.010314,NA
TZ,2005,23.7912083013288,38.45032,3.30999994277954
TZ,2006,25.3453026989994,39.548663,3.29999995231628
TZ,2007,27.0608084341856,40.681414,2.92000007629395
TZ,2008,28.5995988073756,41.853944,2.60999989509583
UA,2005,129.940465635033,47.105171,7.17999982833862
UA,2006,139.607929641793,46.787786,6.80999994277954
UA,2007,150.209086270689,46.509355,6.34999990463257
UA,2008,153.669941036719,46.258189,6.3600001335144
UG,2005,18.029789369519506,27.684585,1.89999997615814
UG,2006,19.9742560663789,28.571475,2.21000003814697
UG,2007,21.654575570128,29.486338,2.52999997138977
UG,2008,23.5404188318147,30.431736,2.92000007629395
US,2005,14332.4996048474,295.516599,5.07999992370605
US,2006,14741.688498216,298.379912,4.61999988555908
US,2007,15018.2678498384,301.231207,4.61999988555908
US,2008,14997.7559290078,304.093966,5.78000020980835
UY,2005,30.157445137573198,3.321803,12.0100002288818
UY,2006,31.393471352368906,3.325401,10.8400001525879
UY,2007,33.4470786869105,3.331749,9.39999961853027
UY,2008,35.847289438373004,3.340221,8.02999973297119
UZ,2005,31.3067845686886,26.167,6.82999992370605
UZ,2006,33.639584098170296,26.48825,5.8600001335144
UZ,2007,36.8262636843347,26.868,4.98999977111816
UZ,2008,40.151366329020206,27.3028,4.8899998664856
VC,2005,0.6368579723276729,0.108614,20.0100002288818
VC,2006,0.685821912100613,0.108603,19.5499992370605
VC,2007,0.708745921628982,0.108518,19.1100006103516
VC,2008,0.7199758008396321,0.108393,18.7900009155273
VE,2005,327.782821536693,26.432447,10.6599998474121
VE,2006,360.142030430877,26.850194,8.60999965667725
VE,2007,391.6673468848661,27.24761,7.28000020980835
VE,2008,412.338978104743,27.635832,6.25
VG,2005,NA,0.023107,NA
VG,2006,NA,0.024023,NA
VG,2007,NA,0.025047,NA
VG,2008,NA,0.026097,NA
VI,2005,4.23259679320915,0.108454,7.07000017166138
VI,2006,4.38606295684981,0.108371,7.21999979019165
VI,2007,4.56306059891536,0.108339,7.38000011444092
VI,2008,4.6060311247347405,0.108399,7.42999982833862
VN,2005,85.3518030304192,83.832661,2.13000011444092
VN,2006,91.3076132769669,84.61754,2.07999992370605
VN,2007,97.81739365974808,85.419591,2.02999997138977
VN,2008,103.355590690416,86.243413,1.79999995231628
VU,2005,0.549652584773368,0.209282,4.6100001335144
VU,2006,0.596181554777833,0.21437,4.46999979019165
VU,2007,0.627025086554647,0.219472,4.3600001335144
VU,2008,0.667458933182145,0.224704,4.30999994277954
WS,2005,0.633126600627264,0.179727,5.19999980926514
WS,2006,0.64559164994901,0.180876,5.17000007629395
WS,2007,0.686410116861272,0.182046,5.15000009536743
WS,2008,0.69333659729968,0.183263,5.17999982833862
YE,2005,25.0021774605819,20.107409,12.1700000762939
YE,2006,25.7948488348019,20.687646,12.1300001144409
YE,2007,26.655991279524,21.282515,12.1000003814697
YE,2008,27.6282870793955,21.892146,12.1700000762939
ZA,2005,322.22818369962704,47.880601,29.1200008392334
ZA,2006,340.285199108368,48.489459,28.3400001525879
ZA,2007,358.526105165636,49.119759,26.5400009155273
ZA,2008,369.966840760721,49.779471,22.4099998474121
ZM,2005,13.3505127681307,11.856247,15.8999996185303
ZM,2006,14.4056965041379,12.173514,12.8699998855591
ZM,2007,15.6089231202185,12.502958,10.1999998092651
ZM,2008,16.8223445414938,12.84853,7.92999982833862
ZW,2005,11.7296958627806,12.076699,4.48000001907349
ZW,2006,11.3236730044172,12.155491,4.51999998092651
ZW,2007,10.9099822171408,12.255922,4.57000017166138
ZW,2008,8.98230331946873,12.379549,4.67000007629395
